{
  "generated_at": "2026-07-08T11:03:08",
  "source_n_athletes": 1648,
  "event_order": [
    "100 m",
    "1 min",
    "500 m",
    "1000 m",
    "4 min",
    "2000 m",
    "5000 m",
    "30 min",
    "10000 m",
    "60 min"
  ],
  "event_means": {
    "100 m": 49.36,
    "1 min": 49.29,
    "500 m": 49.18,
    "1000 m": 49.27,
    "4 min": 48.98,
    "2000 m": 48.8,
    "5000 m": 49.46,
    "30 min": 50.8,
    "10000 m": 48.62,
    "60 min": 47.78
  },
  "clustering": {
    "centers": [
      [
        0.4450884588346585,
        0.3661090337565512,
        0.43577703373645726,
        0.20026663680933754,
        -0.011601074646712277,
        0.07473172214196828,
        -0.2663466714298142,
        -0.3754242887473901,
        -0.4218724423411224,
        -0.44138577492969455
      ],
      [
        -0.6646025852795885,
        -0.5466711290737003,
        -0.65069883857471,
        -0.2990365666124297,
        0.017322633398343376,
        -0.11158881959776504,
        0.39770675446479065,
        0.5605805945441359,
        0.6299366120887867,
        0.6590737668012233
      ]
    ],
    "scaler_mean": [
      0.2106110062692706,
      0.13195143564771603,
      0.022967226831805652,
      0.11625209124200515,
      -0.17293752476581564,
      -0.3585687434895066,
      0.3106910002662367,
      1.6449689273121695,
      -0.529072841502938,
      -1.3768625778109471
    ],
    "scaler_scale": [
      15.983154123317586,
      15.846843183232162,
      14.986493352486624,
      13.928296743956722,
      14.553342009256596,
      13.852311026835949,
      13.94566636339492,
      14.977328371403559,
      15.496597988818488,
      16.37407320159568
    ],
    "cluster_labels": {
      "0": "Explosif",
      "1": "Endurant"
    }
  },
  "regression": {
    "100 m": {
      "features": [
        "1 min",
        "500 m",
        "1000 m",
        "4 min",
        "2000 m",
        "5000 m",
        "30 min",
        "10000 m",
        "60 min"
      ],
      "coef": [
        0.36571931289895526,
        0.39562035345272234,
        0.11801964453355282,
        -0.07162787065355472,
        0.13670027626710354,
        0.10847473831553436,
        -0.014783189146603775,
        0.035793459076952854,
        -0.0759093364701648
      ],
      "intercept": 0.18170876362892585,
      "mae_test": 11.6,
      "n_athletes": 1376
    },
    "1 min": {
      "features": [
        "100 m",
        "500 m",
        "1000 m",
        "4 min",
        "2000 m",
        "5000 m",
        "30 min",
        "10000 m",
        "60 min"
      ],
      "coef": [
        0.4337508893583132,
        0.26859975344184067,
        0.07430061215791163,
        0.16561268640797988,
        0.0721237048308497,
        -0.07209107647446557,
        0.11454187932551974,
        -0.11965064539039483,
        0.08237304073971101
      ],
      "intercept": -0.052803452604628376,
      "mae_test": 12.7,
      "n_athletes": 1277
    },
    "500 m": {
      "features": [
        "100 m",
        "1 min",
        "1000 m",
        "4 min",
        "2000 m",
        "5000 m",
        "30 min",
        "10000 m",
        "60 min"
      ],
      "coef": [
        0.33547566677032326,
        0.18480845933306805,
        0.2341736207989954,
        0.027054286082359078,
        0.2339160435376591,
        0.12000914941670664,
        0.026539890300893928,
        0.006665152779788283,
        -0.10785937030440797
      ],
      "intercept": -3.4395550759102917,
      "mae_test": 10.6,
      "n_athletes": 1387
    },
    "1000 m": {
      "features": [
        "100 m",
        "1 min",
        "500 m",
        "4 min",
        "2000 m",
        "5000 m",
        "30 min",
        "10000 m",
        "60 min"
      ],
      "coef": [
        0.1151684136917948,
        0.07405586230817834,
        0.31564433868995995,
        0.11169269462126492,
        0.3169859442424734,
        0.14744045662259322,
        0.0064113689002650055,
        0.06464025741030036,
        -0.013748006952024132
      ],
      "intercept": -6.347447377936959,
      "mae_test": 10.8,
      "n_athletes": 1239
    },
    "4 min": {
      "features": [
        "100 m",
        "1 min",
        "500 m",
        "1000 m",
        "2000 m",
        "5000 m",
        "30 min",
        "10000 m",
        "60 min"
      ],
      "coef": [
        -0.0371586751302284,
        0.26539976255730174,
        0.11883083621244266,
        0.21303145343347368,
        0.33967858717191424,
        -0.015231077083323984,
        0.2137742801676281,
        -0.11229978276554776,
        0.08610052126531578
      ],
      "intercept": -3.1108531387434226,
      "mae_test": 10.6,
      "n_athletes": 1058
    },
    "2000 m": {
      "features": [
        "100 m",
        "1 min",
        "500 m",
        "1000 m",
        "4 min",
        "5000 m",
        "30 min",
        "10000 m",
        "60 min"
      ],
      "coef": [
        0.08513779805325797,
        0.023638156962770995,
        0.27359499810003235,
        0.3005627204473015,
        0.17822172756600915,
        0.135355044467293,
        0.1618315744091059,
        0.11307926095273328,
        -0.08763493984741681
      ],
      "intercept": -11.927842911890579,
      "mae_test": 10.2,
      "n_athletes": 1258
    },
    "5000 m": {
      "features": [
        "100 m",
        "1 min",
        "500 m",
        "1000 m",
        "4 min",
        "2000 m",
        "30 min",
        "10000 m",
        "60 min"
      ],
      "coef": [
        0.14550909558109462,
        -0.04371467678919572,
        0.19105378597606867,
        0.22320043021815175,
        0.0365680400539341,
        0.2108673464236646,
        0.20053197102839282,
        0.2189083681412358,
        -0.022403123594593368
      ],
      "intercept": -11.020918405261298,
      "mae_test": 10.6,
      "n_athletes": 1056
    },
    "30 min": {
      "features": [
        "100 m",
        "1 min",
        "500 m",
        "1000 m",
        "4 min",
        "2000 m",
        "5000 m",
        "10000 m",
        "60 min"
      ],
      "coef": [
        -0.03541228452789167,
        0.12357438469416016,
        0.03613177268150249,
        -0.005588932776308356,
        0.2726629729992899,
        0.29209381339498486,
        0.24395985806748663,
        0.016982443889756196,
        0.28015392047947485
      ],
      "intercept": -13.758191617177026,
      "mae_test": 12.4,
      "n_athletes": 984
    },
    "10000 m": {
      "features": [
        "100 m",
        "1 min",
        "500 m",
        "1000 m",
        "4 min",
        "2000 m",
        "5000 m",
        "30 min",
        "60 min"
      ],
      "coef": [
        0.04439416746879887,
        -0.09612435263716007,
        0.06484152254121905,
        0.19094691760751745,
        -0.018114374504245856,
        0.2555605579787341,
        0.3882518097192005,
        0.1549324629469484,
        0.12059914085088894
      ],
      "intercept": -11.549533771377867,
      "mae_test": 11.1,
      "n_athletes": 787
    },
    "60 min": {
      "features": [
        "100 m",
        "1 min",
        "500 m",
        "1000 m",
        "4 min",
        "2000 m",
        "5000 m",
        "30 min",
        "10000 m"
      ],
      "coef": [
        -0.1260292647283011,
        0.16941200749495833,
        -0.08205135736713932,
        0.017212117737593343,
        0.19099486358405707,
        0.05017139630900973,
        0.07933813994953402,
        0.5679496522706435,
        0.18416068915427514
      ],
      "intercept": -11.936077601592835,
      "mae_test": 12.6,
      "n_athletes": 515
    }
  }
}